{"cameraMode":{"drawMode":0,"name":"Shaded","section":"Shading Mode"},"sceneLighting":true,"audioPlay":false,"sceneViewState":{"showFog":true,"showMaterialUpdate":true,"showSkybox":true,"showFlares":true,"showImageEffects":true,"showParticleSystems":true},"in2DMode":false,"pivot":{"x":357.58251953125,"y":816.371337890625,"z":-54.246826171875},"rotation":{"x":0.09539878368377686,"y":-0.34010064601898196,"z":-0.03470472991466522,"w":-0.9348937273025513},"size":931.109130859375,"orthographic":false}